
insert into course values('Lang 0102','Spoken Arabic I','t000',1.00,1,2014,'compulsory');
insert into course values('Hum 0107','Islamiat','t000',2.00,1,2014,'compulsory');
insert into course values('Hum 4149','Technology, Environment and Society','t001',2.00,1,2014,'compulsory');
insert into course values('Math 4107','Geometry and Differential Calculus','t011',3.00,1,2014,'compulsory'); 	
insert into course values('CSE 4101','Computer Fundamentals and Programming','t101',4.00,1,2014,'compulsory');
insert into course values('CSE 4102','Computer Fundamentals and Programming Lab','t101',1.50,1,2014,'compulsory');
insert into course values('CSE 4104','Engineering Drawing Lab','t110',0.75,1,2014,'compulsory');
insert into course values('EEE 4135','Electrical Engineering Fundamentals','t301',3.00,1,2014,'compulsory');
insert into course values('EEE 4136','Electrical Engineering Fundamentals Lab','t301',0.75,1,2014,'compulsory');

insert into course values('Lang 0202','Spoken Arabic II','t000',1.00,2,2014,'compulsory');
insert into course values('Hum 0207','Islamic History, Science and Culture','t000',3.00,2,2014,'compulsory');
insert into course values('Math 4207','Integral Calculus and Differential Equations','t011',4.00,2,2014,'compulsory'); 	
insert into course values('Chem 4205','Chemistry','t021',3.00,2,2014,'compulsory');
insert into course values('Chem 4206','Chemistry Lab','t021',1.50,2,2014,'compulsory');
insert into course values('EEE 4235','Electronic Devices and Circuits','t301',3.00,2,2014,'compulsory');
insert into course values('EEE 4236','Electronic Devices and Circuits Lab','t301',0.75,2,2014,'compulsory');
insert into course values('CSE 4201','Computer Programming','t101',3.00,2,2014,'compulsory');
insert into course values('CSE 4202','Computer Programming Lab','t101',1.50,2,2014,'compulsory');
insert into course values('CSE 4203','Discrete Mathematics','t102',3.00,2,2014,'compulsory');



insert into course values('Math 4307','Linear Algebra','t011',3.00,3,2013,'compulsory'); 	
insert into course values('EEE 4335','Digital Logic Design','t301',3.00,3,2013,'compulsory');
insert into course values('EEE 4336','Digital Logic Design Lab','t301',0.75,3,2013,'compulsory');
insert into course values('CSE 4301','Object Oriented Programming','t101',3.00,3,2013,'compulsory');
insert into course values('CSE 4302','Object Oriented Programming Lab','t101',1.50,3,2013,'compulsory');
insert into course values('CSE 4303','Data Structure','t102',3.00,3,2013,'compulsory');
insert into course values('CSE 4304','Data Structure Lab','t102',1.50,3,2013,'compulsory');
insert into course values('CSE 4305','Computer Organisation and Architecture','t105',3.00,3,2013,'compulsory');
insert into course values('CSE 4307','Database Management Systems','t107',3.00,3,2013,'compulsory');
insert into course values('CSE 4308','Database Management Systems Lab','t107',1.00,3,2013,'compulsory');
 	


insert into course values('Math 4407','Statistical and Mathematical Analysis','t011',3.00,4,2013,'compulsory'); 	
insert into course values('EEE 4435','Digital Electronics and Pulse Techniques','t301',3.00,4,2013,'compulsory');
insert into course values('EEE 4436','Digital Electronics and Pulse Techniques Lab','t301',0.75,4,2013,'compulsory');
insert into course values('CSE 4401','Visual Programming','t108',2.00,4,2013,'compulsory');
insert into course values('CSE 4402','Visual Programming Lab','t108',1.50,4,2013,'compulsory');
insert into course values('CSE 4403','Algorithms','t107',3.00,4,2013,'compulsory');
insert into course values('CSE 4404','Algorithms Lab','t107',1.00,4,2013,'compulsory');
insert into course values('CSE 4405','Data and Telecommunications','t105',3.00,4,2013,'compulsory');
insert into course values('CSE 4407','System Analysis and Design','t102',3.00,4,2013,'compulsory');
insert into course values('CSE 4408','System Analysis and Design Lab','t102',1.00,4,2013,'compulsory');







insert into course values('Lang 0102','Spoken Arabic I','t000',1.00,1,2013,'compulsory');
insert into course values('Hum 0107','Islamiat','t000',2.00,1,2013,'compulsory');
insert into course values('Hum 4149','Technology, Environment and Society','t001',2.00,1,2013,'compulsory');
insert into course values('Math 4107','Geometry and Differential Calculus','t011',3.00,1,2013,'compulsory'); 	
insert into course values('CSE 4101','Computer Fundamentals and Programming','t101',4.00,1,2013,'compulsory');
insert into course values('CSE 4102','Computer Fundamentals and Programming Lab','t101',1.50,1,2013,'compulsory');
insert into course values('CSE 4104','Engineering Drawing Lab','t110',0.75,1,2013,'compulsory');
insert into course values('EEE 4135','Electrical Engineering Fundamentals','t301',3.00,1,2013,'compulsory');
insert into course values('EEE 4136','Electrical Engineering Fundamentals Lab','t301',0.75,1,2013,'compulsory');


insert into course values('Lang 0202','Spoken Arabic II','t000',1.00,2,2013,'compulsory');
insert into course values('Hum 0207','Islamic History, Science and Culture','t000',3.00,2,2013,'compulsory');
insert into course values('Math 4207','Integral Calculus and Differential Equations','t011',4.00,2,2013,'compulsory'); 	
insert into course values('Chem 4205','Chemistry','t021',3.00,2,2013,'compulsory');
insert into course values('Chem 4206','Chemistry Lab','t021',1.50,2,2013,'compulsory');
insert into course values('EEE 4235','Electronic Devices and Circuits','t301',3.00,2,2013,'compulsory');
insert into course values('EEE 4236','Electronic Devices and Circuits Lab','t301',0.75,2,2013,'compulsory');
insert into course values('CSE 4201','Computer Programming','t101',3.00,2,2013,'compulsory');
insert into course values('CSE 4202','Computer Programming Lab','t101',1.50,2,2013,'compulsory');
insert into course values('CSE 4203','Discrete Mathematics','t102',3.00,2,2013,'compulsory');




insert into course values('Math 4307','Linear Algebra','t011',3.00,3,2014,'compulsory'); 	
insert into course values('EEE 4335','Digital Logic Design','t301',3.00,3,2014,'compulsory');
insert into course values('EEE 4336','Digital Logic Design Lab','t301',0.75,3,2014,'compulsory');
insert into course values('CSE 4301','Object Oriented Programming','t101',3.00,3,2014,'compulsory');
insert into course values('CSE 4302','Object Oriented Programming Lab','t101',1.50,3,2014,'compulsory');
insert into course values('CSE 4303','Data Structure','t102',3.00,3,2014,'compulsory');
insert into course values('CSE 4304','Data Structure Lab','t102',1.50,3,2014,'compulsory');
insert into course values('CSE 4305','Computer Organisation and Architecture','t105',3.00,3,2014,'compulsory');
insert into course values('CSE 4307','Database Management Systems','t107',3.00,3,2014,'compulsory');
insert into course values('CSE 4308','Database Management Systems Lab','t107',1.00,3,2014,'compulsory');
 	


insert into course values('Math 4407','Statistical and Mathematical Analysis','t011',3.00,4,2014,'compulsory'); 	
insert into course values('EEE 4435','Digital Electronics and Pulse Techniques','t301',3.00,4,2014,'compulsory');
insert into course values('EEE 4436','Digital Electronics and Pulse Techniques Lab','t301',0.75,4,2014,'compulsory');
insert into course values('CSE 4401','Visual Programming','t108',2.00,4,2014,'compulsory');
insert into course values('CSE 4402','Visual Programming Lab','t108',1.50,4,2014,'compulsory');
insert into course values('CSE 4403','Algorithms','t107',3.00,4,2014,'compulsory');
insert into course values('CSE 4404','Algorithms Lab','t107',1.00,4,2014,'compulsory');
insert into course values('CSE 4405','Data and Telecommunications','t105',3.00,4,2014,'compulsory');
insert into course values('CSE 4407','System Analysis and Design','t102',3.00,4,2014,'compulsory');
insert into course values('CSE 4408','System Analysis and Design Lab','t102',1.00,4,2014,'compulsory');







	

insert into student values('124401','Mr AA','s1','cse','4');
insert into student values('124402','Mr AB','s2','cse','4');
insert into student values('124403','Mr AC','s3','cse','4');
insert into student values('124404','Mr AD','s4','cse','4');
insert into student values('124405','Mr AE','s5','cse','4');
insert into student values('124406','Mr AF','s6','cse','4');
insert into student values('124407','Mr AG','s7','cse','4');
insert into student values('124408','Mr AH','s8','cse','4');
insert into student values('124409','Mr AI','s9','cse','4');
insert into student values('124410','Mr AK','s10','cse','4');
insert into student values('124411','Mr AL','s11','cse','4');
insert into student values('124412','Mr AM','s12','cse','4');
insert into student values('124413','Mr AN','s13','cse','4');
insert into student values('124414','Mr AO','s14','cse','4');
insert into student values('124415','Mr AP','s15','cse','4');
insert into student values('124416','Mr AQ','s16','cse','4');
insert into student values('124417','Mr AR','s17','cse','4');
insert into student values('124418','Mr AS','s18','cse','4');
insert into student values('124419','Mr AT','s19','cse','4');
insert into student values('124420','Mr BA','s20','cse','4');
insert into student values('124421','Mr BB','s21','cse','4');
insert into student values('124422','Yeakub Hassan Rafi','s22','cse','4');
insert into student values('124423','Mr BD','s23','cse','4');
insert into student values('124424','Mr BE','s24','cse','4');
insert into student values('124425','Faisal Hussain','s25','cse','4');
insert into student values('124426','Mr BG','s26','cse','4');
insert into student values('124427','Mr BH','s27','cse','4');
insert into student values('124428','Mr BI','s28','cse','4');
insert into student values('124429','Mr BK','s29','cse','4');
insert into student values('124430','Mr BL','s30','cse','4');



insert into student values('114401','Mr AA','s41','cse','6');
insert into student values('114402','Mr AB','s42','cse','6');
insert into student values('114403','Mr AC','s43','cse','6');
insert into student values('114404','Mr AD','s44','cse','6');
insert into student values('114405','Mr AE','s45','cse','6');
insert into student values('114406','Mr AF','s46','cse','6');
insert into student values('114407','Mr AG','s47','cse','6');
insert into student values('114408','Mr AH','s48','cse','6');
insert into student values('114409','Mr AI','s49','cse','6');
insert into student values('114410','Mr AK','s50','cse','6');
insert into student values('114411','Mr AL','s51','cse','6');
insert into student values('114412','Mr AM','s52','cse','6');
insert into student values('114413','Mr AN','s53','cse','6');
insert into student values('114414','Mr AO','s54','cse','6');
insert into student values('114415','Mr AP','s55','cse','6');
insert into student values('114416','Mr AQ','s56','cse','6');
insert into student values('114417','Mr AR','s57','cse','6');
insert into student values('114418','Mr AS','s58','cse','6');
insert into student values('114419','Mr AT','s59','cse','6');
insert into student values('114420','Mr BA','s60','cse','6');
insert into student values('114421','Mr BB','s61','cse','6');
insert into student values('114422','Mr BC','s62','cse','6');
insert into student values('114423','Mr BD','s63','cse','6');
insert into student values('114424','Mr BE','s64','cse','6');
insert into student values('114425','Mr BF','s65','cse','6');
insert into student values('114426','Mr BG','s66','cse','6');
insert into student values('114427','Mr BH','s67','cse','6');
insert into student values('114428','Mr BI','s68','cse','6');
insert into student values('114429','Mr BK','s69','cse','6');
insert into student values('114430','Mr BL','s70','cse','6');


insert into student values('134401','Mr AA','s101','cse','2');
insert into student values('134402','Mr AB','s102','cse','2');
insert into student values('134403','Mr AC','s103','cse','2');
insert into student values('134404','Mr AD','s104','cse','2');
insert into student values('134405','Mr AE','s105','cse','2');
insert into student values('134406','Mr AF','s106','cse','2');
insert into student values('134407','Mr AG','s107','cse','2');
insert into student values('134408','Mr AH','s108','cse','2');
insert into student values('134409','Mr AI','s109','cse','2');
insert into student values('134410','Mr AK','s110','cse','2');
insert into student values('134411','Mr AL','s111','cse','2');
insert into student values('134412','Mr AM','s112','cse','2');
insert into student values('134413','Mr AN','s113','cse','2');
insert into student values('134414','Mr AO','s114','cse','2');
insert into student values('134415','Mr AP','s115','cse','2');
insert into student values('134416','Mr AQ','s116','cse','2');
insert into student values('134417','Mr AR','s117','cse','2');
insert into student values('134418','Mr AS','s118','cse','2');
insert into student values('134419','Mr AT','s119','cse','2');
insert into student values('134420','Mr BA','s120','cse','2');
insert into student values('134421','Mr BB','s121','cse','2');
insert into student values('134422','Mr BC','s122','cse','2');
insert into student values('134423','Mr BD','s123','cse','2');
insert into student values('134424','Mr BE','s124','cse','2');
insert into student values('134425','Mr BF','s125','cse','2');
insert into student values('134426','Mr BG','s126','cse','2');
insert into student values('134427','Mr BH','s127','cse','2');
insert into student values('134428','Mr BI','s128','cse','2');
insert into student values('134429','Mr BK','s129','cse','2');
insert into student values('134430','Mr BL','s130','cse','2');



//teacher;
insert into teacher values('t000','Mr El Bushare','00');
insert into teacher values('t001','Mr Ahmed','00');
insert into teacher values('t011','Mr Farid','00');
insert into teacher values('t021','Mr Rokon','00');
insert into teacher values('t101','Mr Ashraf','00');
insert into teacher values('t102','Mr Moniruzzaman','00');
insert into teacher values('t105','Mr Motaher','00');
insert into teacher values('t107','Mr Rezwan Haq','00');
insert into teacher values('t108','Mr Raihan','00');
insert into teacher values('t110','Mr Nabi','00');
insert into teacher values('t301','Mr Rifat','00');




//faisal;
insert into marks values('124425','Lang 0102',2013,10,4,4,4,2,20,40,0,0);
insert into marks values('124425','Hum 0107',2013,20,8,8,9,8,40,80,0,0);
insert into marks values('124425','Hum 4149',2013,20,8,8,8,9,42,82,0,0);
insert into marks values('124425','Math 4107',2013,21,10,15,0,12,50,90,0,0);
insert into marks values('124425','CSE 4101',2013,30,15,15,15,10,62,125,0,0);
insert into marks values('124425','CSE 4102',2013,15,7,7,7,0,30,60,0,0);
insert into marks values('124425','CSE 4104',2013,7,3,3,3,0,15,30,0,0);
insert into marks values('124425','EEE 4135',2013,30,15,15,15,10,62,125,0,0);
insert into marks values('124425','EEE 4136',2013,15,3,3,3,0,15,30,0,0);

insert into marks values('124425','Lang 0202',2013,10,4,4,4,2,20,40,0,0);
insert into marks values('124425','Hum 0207',2013,330,15,15,15,10,62,125,0,0);
insert into marks values('124425','Math 4207',2013,30,16,16,0,8,60,180,0,0);
insert into marks values('124425','Chem 4205',2013,30,15,15,15,10,62,125,0,0);
insert into marks values('124425','Chem 4206',2013,15,7,7,7,0,30,60,0,0);
insert into marks values('124425','EEE 4235',2013,30,15,15,15,10,62,125,0,0);
insert into marks values('124425','EEE 4236',2013,15,3,3,3,0,15,30,0,0);
insert into marks values('124425','CSE 4201',2013,30,15,15,15,10,62,125,0,0);
insert into marks values('124425','CSE 4202',2013,15,7,7,7,0,30,60,0,0);
insert into marks values('124425','CSE 4203',2013,30,7,7,7,0,50,100,0,0);

insert into marks values('124425','Math 4307',2014,21,10,15,0,12,50,90,0,0);
insert into marks values('124425','EEE 4335',2014,30,15,15,15,10,62,125,0,0);
insert into marks values('124425','EEE 4336',2014,15,3,3,3,0,15,30,0,0);
insert into marks values('124425','CSE 4301',2014,30,15,15,15,10,62,125,0,0);
insert into marks values('124425','CSE 4302',2014,15,7,7,7,0,30,60,0,0);
insert into marks values('124425','CSE 4303',2014,30,15,15,15,10,62,125,0,0);
insert into marks values('124425','CSE 4304',2014,15,7,7,7,0,30,60,0,0);
insert into marks values('124425','CSE 4305',2014,30,15,15,15,10,62,125,0,0);
insert into marks values('124425','CSE 4307',2014,30,15,15,15,10,62,125,0,0);
insert into marks values('124425','CSE 4308',2014,15,7,7,7,0,30,60,0,0);





//rafi;
insert into marks values('124422','Lang 0102',2013,10,4,4,4,2,20,30,0,0);
insert into marks values('124422','Hum 0107',2013,20,8,8,9,8,40,80,0,0);
insert into marks values('124422','Hum 4149',2013,20,8,8,8,9,42,82,0,0);
insert into marks values('124422','Math 4107',2013,21,10,15,0,12,50,90,0,0);
insert into marks values('124422','CSE 4101',2013,30,15,15,15,10,62,125,0,0);
insert into marks values('124422','CSE 4102',2013,15,7,7,7,0,30,60,0,0);
insert into marks values('124422','CSE 4104',2013,7,3,3,3,0,15,30,0,0);
insert into marks values('124422','EEE 4135',2013,30,15,15,15,10,62,125,0,0);
insert into marks values('124422','EEE 4136',2013,15,3,3,3,0,15,30,0,0);

insert into marks values('124422','Lang 0202',2013,10,4,4,4,2,20,30,0,0);
insert into marks values('124422','Hum 0207',2013,330,15,15,15,10,62,130,0,0);
insert into marks values('124422','Math 4207',2013,30,16,16,0,8,75,160,0,0);
insert into marks values('124422','Chem 4205',2013,30,15,15,15,10,62,125,0,0);
insert into marks values('124422','Chem 4206',2013,15,7,7,7,0,30,60,0,0);
insert into marks values('124422','EEE 4235',2013,30,15,15,15,10,62,125,0,0);
insert into marks values('124422','EEE 4236',2013,15,3,3,3,0,15,30,0,0);
insert into marks values('124422','CSE 4201',2013,30,15,15,15,10,62,125,0,0);
insert into marks values('124422','CSE 4202',2013,15,7,7,7,0,30,60,0,0);
insert into marks values('124422','CSE 4203',2013,30,7,7,7,0,50,100,0,0);

insert into marks values('124422','Math 4307',2014,21,10,15,0,12,50,90,0,0);
insert into marks values('124422','EEE 4335',2014,30,15,15,15,10,62,125,0,0);
insert into marks values('124422','EEE 4336',2014,15,3,3,3,0,15,30,0,0);
insert into marks values('124422','CSE 4301',2014,30,15,15,15,10,62,125,0,0);
insert into marks values('124422','CSE 4302',2014,15,7,7,7,0,30,60,0,0);
insert into marks values('124422','CSE 4303',2014,30,15,15,15,10,62,125,0,0);
insert into marks values('124422','CSE 4304',2014,15,7,7,7,0,30,60,0,0);
insert into marks values('124422','CSE 4305',2014,30,15,15,15,10,62,125,0,0);
insert into marks values('124422','CSE 4307',2014,30,15,15,15,10,62,125,0,0);
insert into marks values('124422','CSE 4308',2014,15,7,7,7,0,30,60,0,0);







//sample of fail
insert into marks values('124404','Lang 0102',2013,10,4,4,4,2,20,30,0,0);
insert into marks values('124404','Hum 0107',2013,20,8,8,9,8,40,80,0,0);
insert into marks values('124404','Hum 4149',2013,20,8,8,8,9,42,82,0,0);
insert into marks values('124404','Math 4107',2013,21,10,15,0,12,50,90,0,0);
insert into marks values('124404','CSE 4101',2013,30,15,15,15,10,62,125,0,0);
insert into marks values('124404','CSE 4102',2013,15,7,7,7,0,30,60,0,0);
insert into marks values('124404','CSE 4104',2013,7,3,3,3,0,15,30,0,0);
insert into marks values('124404','EEE 4135',2013,30,15,15,15,10,62,125,0,0);
insert into marks values('124404','EEE 4136',2013,15,3,3,3,0,15,30,0,0);

insert into marks values('124404','Lang 0202',2013,10,4,4,4,2,20,30,0,0);
insert into marks values('124404','Hum 0207',2013,330,15,15,15,10,62,130,0,0);
insert into marks values('124404','Math 4207',2013,30,16,16,0,8,75,160,0,0);
insert into marks values('124404','Chem 4205',2013,30,15,15,15,10,62,125,0,0);
insert into marks values('124404','Chem 4206',2013,15,7,7,7,0,30,60,0,0);
insert into marks values('124404','EEE 4235',2013,30,15,15,15,10,62,125,0,0);
insert into marks values('124404','EEE 4236',2013,15,3,3,3,0,15,30,0,0);
insert into marks values('124404','CSE 4201',2013,30,15,15,15,10,62,125,0,0);
insert into marks values('124404','CSE 4202',2013,15,7,7,7,0,30,60,0,0);
insert into marks values('124404','CSE 4203',2013,30,7,7,7,0,50,100,0,0);

insert into marks values('124404','Math 4307',2014,0,0,0,0,0,0,0,0,0);
insert into marks values('124404','EEE 4335',2014,0,0,0,0,0,0,0,0,0);
insert into marks values('124404','EEE 4336',2014,0,0,0,0,0,0,0,0,0);
insert into marks values('124404','CSE 4301',2014,0,0,0,0,0,0,0,0,0);
insert into marks values('124404','CSE 4302',2014,0,0,0,0,0,0,0,0,0);
insert into marks values('124404','CSE 4303',2014,0,0,0,0,0,0,0,0,0);
insert into marks values('124404','CSE 4304',2014,0,0,0,0,0,0,0,0,0);
insert into marks values('124404','CSE 4305',2014,0,0,0,0,0,0,0,0,0);
insert into marks values('124404','CSE 4307',2014,0,0,0,0,0,0,0,0,0);
insert into marks values('124404','CSE 4308',2014,0,0,0,0,0,0,0,0,0);














insert into marks values('124425','Math 4407',2014,0,0,0,0,0,0,0,0,0);
insert into marks values('124425','EEE 4435',2014,0,0,0,0,0,0,0,0,0);
insert into marks values('124425','EEE 4436',2014,0,0,0,0,0,0,0,0,0);
insert into marks values('124425','CSE 4401',2014,0,0,0,0,0,0,0,0,0);
insert into marks values('124425','CSE 4402',2014,0,0,0,0,0,0,0,0,0);
insert into marks values('124425','CSE 4403',2014,0,0,0,0,0,0,0,0,0);
insert into marks values('124425','CSE 4405',2014,0,0,0,0,0,0,0,0,0);
insert into marks values('124425','CSE 4407',2014,0,0,0,0,0,0,0,0,0);
insert into marks values('124425','CSE 4408',2014,0,0,0,0,0,0,0,0,0);


insert into marks values('124401','Math 4407',2014,0,0,0,0,0,0,0,0,0);
insert into marks values('124401','EEE 4435',2014,0,0,0,0,0,0,0,0,0);
insert into marks values('124401','EEE 4436',2014,0,0,0,0,0,0,0,0,0);
insert into marks values('124401','CSE 4401',2014,0,0,0,0,0,0,0,0,0);
insert into marks values('124401','CSE 4402',2014,0,0,0,0,0,0,0,0,0);
insert into marks values('124401','CSE 4403',2014,0,0,0,0,0,0,0,0,0);
insert into marks values('124401','CSE 4405',2014,0,0,0,0,0,0,0,0,0);
insert into marks values('124401','CSE 4407',2014,0,0,0,0,0,0,0,0,0);
insert into marks values('124401','CSE 4408',2014,0,0,0,0,0,0,0,0,0);

insert into marks values('124402','Math 4407',2014,0,0,0,0,0,0,0,0,0);
insert into marks values('124402','EEE 4435',2014,0,0,0,0,0,0,0,0,0);
insert into marks values('124402','EEE 4436',2014,0,0,0,0,0,0,0,0,0);
insert into marks values('124402','CSE 4401',2014,0,0,0,0,0,0,0,0,0);
insert into marks values('124402','CSE 4402',2014,0,0,0,0,0,0,0,0,0);
insert into marks values('124402','CSE 4403',2014,0,0,0,0,0,0,0,0,0);
insert into marks values('124402','CSE 4405',2014,0,0,0,0,0,0,0,0,0);
insert into marks values('124402','CSE 4407',2014,0,0,0,0,0,0,0,0,0);
insert into marks values('124402','CSE 4408',2014,0,0,0,0,0,0,0,0,0);

insert into marks values('124403','Math 4407',2014,0,0,0,0,0,0,0,0,0);
insert into marks values('124403','EEE 4435',2014,0,0,0,0,0,0,0,0,0);
insert into marks values('124403','EEE 4436',2014,0,0,0,0,0,0,0,0,0);
insert into marks values('124403','CSE 4401',2014,0,0,0,0,0,0,0,0,0);
insert into marks values('124403','CSE 4402',2014,0,0,0,0,0,0,0,0,0);
insert into marks values('124403','CSE 4403',2014,0,0,0,0,0,0,0,0,0);
insert into marks values('124403','CSE 4405',2014,0,0,0,0,0,0,0,0,0);
insert into marks values('124403','CSE 4407',2014,0,0,0,0,0,0,0,0,0);
insert into marks values('124403','CSE 4408',2014,0,0,0,0,0,0,0,0,0);


insert into marks values('124404','Math 4407',2014,0,0,0,0,0,0,0,0,0);
insert into marks values('124404','EEE 4435',2014,0,0,0,0,0,0,0,0,0);
insert into marks values('124404','EEE 4436',2014,0,0,0,0,0,0,0,0,0);
insert into marks values('124404','CSE 4401',2014,0,0,0,0,0,0,0,0,0);
insert into marks values('124404','CSE 4402',2014,0,0,0,0,0,0,0,0,0);
insert into marks values('124404','CSE 4403',2014,0,0,0,0,0,0,0,0,0);
insert into marks values('124404','CSE 4405',2014,0,0,0,0,0,0,0,0,0);
insert into marks values('124404','CSE 4407',2014,0,0,0,0,0,0,0,0,0);
insert into marks values('124404','CSE 4408',2014,0,0,0,0,0,0,0,0,0);

insert into marks values('124405','Math 4407',2014,0,0,0,0,0,0,0,0,0);
insert into marks values('124405','EEE 4435',2014,0,0,0,0,0,0,0,0,0);
insert into marks values('124405','EEE 4436',2014,0,0,0,0,0,0,0,0,0);
insert into marks values('124405','CSE 4401',2014,0,0,0,0,0,0,0,0,0);
insert into marks values('124405','CSE 4402',2014,0,0,0,0,0,0,0,0,0);
insert into marks values('124405','CSE 4403',2014,0,0,0,0,0,0,0,0,0);
insert into marks values('124405','CSE 4405',2014,0,0,0,0,0,0,0,0,0);
insert into marks values('124405','CSE 4407',2014,0,0,0,0,0,0,0,0,0);
insert into marks values('124405','CSE 4408',2014,0,0,0,0,0,0,0,0,0);


insert into marks values('124406','Math 4407',2014,0,0,0,0,0,0,0,0,0);
insert into marks values('124406','EEE 4435',2014,0,0,0,0,0,0,0,0,0);
insert into marks values('124406','EEE 4436',2014,0,0,0,0,0,0,0,0,0);
insert into marks values('124406','CSE 4401',2014,0,0,0,0,0,0,0,0,0);
insert into marks values('124406','CSE 4402',2014,0,0,0,0,0,0,0,0,0);
insert into marks values('124406','CSE 4403',2014,0,0,0,0,0,0,0,0,0);
insert into marks values('124406','CSE 4405',2014,0,0,0,0,0,0,0,0,0);
insert into marks values('124406','CSE 4407',2014,0,0,0,0,0,0,0,0,0);
insert into marks values('124406','CSE 4408',2014,0,0,0,0,0,0,0,0,0);


insert into marks values('124407','Math 4407',2014,0,0,0,0,0,0,0,0,0);
insert into marks values('124407','EEE 4435',2014,0,0,0,0,0,0,0,0,0);
insert into marks values('124407','EEE 4436',2014,0,0,0,0,0,0,0,0,0);
insert into marks values('124407','CSE 4401',2014,0,0,0,0,0,0,0,0,0);
insert into marks values('124407','CSE 4402',2014,0,0,0,0,0,0,0,0,0);
insert into marks values('124407','CSE 4403',2014,0,0,0,0,0,0,0,0,0);
insert into marks values('124407','CSE 4405',2014,0,0,0,0,0,0,0,0,0);
insert into marks values('124407','CSE 4407',2014,0,0,0,0,0,0,0,0,0);
insert into marks values('124407','CSE 4408',2014,0,0,0,0,0,0,0,0,0);

insert into marks values('124408','Math 4407',2014,0,0,0,0,0,0,0,0,0);
insert into marks values('124408','EEE 4435',2014,0,0,0,0,0,0,0,0,0);
insert into marks values('124408','EEE 4436',2014,0,0,0,0,0,0,0,0,0);
insert into marks values('124408','CSE 4401',2014,0,0,0,0,0,0,0,0,0);
insert into marks values('124408','CSE 4402',2014,0,0,0,0,0,0,0,0,0);
insert into marks values('124408','CSE 4403',2014,0,0,0,0,0,0,0,0,0);
insert into marks values('124408','CSE 4405',2014,0,0,0,0,0,0,0,0,0);
insert into marks values('124408','CSE 4407',2014,0,0,0,0,0,0,0,0,0);
insert into marks values('124408','CSE 4408',2014,0,0,0,0,0,0,0,0,0);

insert into marks values('124409','Math 4407',2014,0,0,0,0,0,0,0,0,0);
insert into marks values('124409','EEE 4435',2014,0,0,0,0,0,0,0,0,0);
insert into marks values('124409','EEE 4436',2014,0,0,0,0,0,0,0,0,0);
insert into marks values('124409','CSE 4401',2014,0,0,0,0,0,0,0,0,0);
insert into marks values('124409','CSE 4402',2014,0,0,0,0,0,0,0,0,0);
insert into marks values('124409','CSE 4403',2014,0,0,0,0,0,0,0,0,0);
insert into marks values('124409','CSE 4405',2014,0,0,0,0,0,0,0,0,0);
insert into marks values('124409','CSE 4407',2014,0,0,0,0,0,0,0,0,0);
insert into marks values('124409','CSE 4408',2014,0,0,0,0,0,0,0,0,0);

insert into marks values('124410','Math 4407',2014,0,0,0,0,0,0,0,0,0);
insert into marks values('124410','EEE 4435',2014,0,0,0,0,0,0,0,0,0);
insert into marks values('124410','EEE 4436',2014,0,0,0,0,0,0,0,0,0);
insert into marks values('124410','CSE 4401',2014,0,0,0,0,0,0,0,0,0);
insert into marks values('124410','CSE 4402',2014,0,0,0,0,0,0,0,0,0);
insert into marks values('124410','CSE 4403',2014,0,0,0,0,0,0,0,0,0);
insert into marks values('124410','CSE 4405',2014,0,0,0,0,0,0,0,0,0);
insert into marks values('124410','CSE 4407',2014,0,0,0,0,0,0,0,0,0);
insert into marks values('124410','CSE 4408',2014,0,0,0,0,0,0,0,0,0);

insert into marks values('124411','Math 4407',2014,0,0,0,0,0,0,0,0,0);
insert into marks values('124411','EEE 4435',2014,0,0,0,0,0,0,0,0,0);
insert into marks values('124411','EEE 4436',2014,0,0,0,0,0,0,0,0,0);
insert into marks values('124411','CSE 4401',2014,0,0,0,0,0,0,0,0,0);
insert into marks values('124411','CSE 4402',2014,0,0,0,0,0,0,0,0,0);
insert into marks values('124411','CSE 4403',2014,0,0,0,0,0,0,0,0,0);
insert into marks values('124411','CSE 4405',2014,0,0,0,0,0,0,0,0,0);
insert into marks values('124411','CSE 4407',2014,0,0,0,0,0,0,0,0,0);
insert into marks values('124411','CSE 4408',2014,0,0,0,0,0,0,0,0,0);




insert into marks values('124412','Math 4407',2014,0,0,0,0,0,0,0,0,0);
insert into marks values('124412','EEE 4435',2014,0,0,0,0,0,0,0,0,0);
insert into marks values('124412','EEE 4436',2014,0,0,0,0,0,0,0,0,0);
insert into marks values('124412','CSE 4401',2014,0,0,0,0,0,0,0,0,0);
insert into marks values('124412','CSE 4402',2014,0,0,0,0,0,0,0,0,0);
insert into marks values('124412','CSE 4403',2014,0,0,0,0,0,0,0,0,0);
insert into marks values('124412','CSE 4405',2014,0,0,0,0,0,0,0,0,0);
insert into marks values('124412','CSE 4407',2014,0,0,0,0,0,0,0,0,0);
insert into marks values('124412','CSE 4408',2014,0,0,0,0,0,0,0,0,0);



insert into marks values('124413','Math 4407',2014,0,0,0,0,0,0,0,0,0);
insert into marks values('124413','EEE 4435',2014,0,0,0,0,0,0,0,0,0);
insert into marks values('124413','EEE 4436',2014,0,0,0,0,0,0,0,0,0);
insert into marks values('124413','CSE 4401',2014,0,0,0,0,0,0,0,0,0);
insert into marks values('124413','CSE 4402',2014,0,0,0,0,0,0,0,0,0);
insert into marks values('124413','CSE 4403',2014,0,0,0,0,0,0,0,0,0);
insert into marks values('124413','CSE 4405',2014,0,0,0,0,0,0,0,0,0);
insert into marks values('124413','CSE 4407',2014,0,0,0,0,0,0,0,0,0);
insert into marks values('124413','CSE 4408',2014,0,0,0,0,0,0,0,0,0);



insert into marks values('124414','Math 4407',2014,0,0,0,0,0,0,0,0,0);
insert into marks values('124414','EEE 4435',2014,0,0,0,0,0,0,0,0,0);
insert into marks values('124414','EEE 4436',2014,0,0,0,0,0,0,0,0,0);
insert into marks values('124414','CSE 4401',2014,0,0,0,0,0,0,0,0,0);
insert into marks values('124414','CSE 4402',2014,0,0,0,0,0,0,0,0,0);
insert into marks values('124414','CSE 4403',2014,0,0,0,0,0,0,0,0,0);
insert into marks values('124414','CSE 4405',2014,0,0,0,0,0,0,0,0,0);
insert into marks values('124414','CSE 4407',2014,0,0,0,0,0,0,0,0,0);
insert into marks values('124414','CSE 4408',2014,0,0,0,0,0,0,0,0,0);



insert into marks values('124415','Math 4407',2014,0,0,0,0,0,0,0,0,0);
insert into marks values('124415','EEE 4435',2014,0,0,0,0,0,0,0,0,0);
insert into marks values('124415','EEE 4436',2014,0,0,0,0,0,0,0,0,0);
insert into marks values('124415','CSE 4401',2014,0,0,0,0,0,0,0,0,0);
insert into marks values('124415','CSE 4402',2014,0,0,0,0,0,0,0,0,0);
insert into marks values('124415','CSE 4403',2014,0,0,0,0,0,0,0,0,0);
insert into marks values('124415','CSE 4405',2014,0,0,0,0,0,0,0,0,0);
insert into marks values('124415','CSE 4407',2014,0,0,0,0,0,0,0,0,0);
insert into marks values('124415','CSE 4408',2014,0,0,0,0,0,0,0,0,0);


insert into marks values('124416','Math 4407',2014,0,0,0,0,0,0,0,0,0);
insert into marks values('124416','EEE 4435',2014,0,0,0,0,0,0,0,0,0);
insert into marks values('124416','EEE 4436',2014,0,0,0,0,0,0,0,0,0);
insert into marks values('124416','CSE 4401',2014,0,0,0,0,0,0,0,0,0);
insert into marks values('124416','CSE 4402',2014,0,0,0,0,0,0,0,0,0);
insert into marks values('124416','CSE 4403',2014,0,0,0,0,0,0,0,0,0);
insert into marks values('124416','CSE 4405',2014,0,0,0,0,0,0,0,0,0);
insert into marks values('124416','CSE 4407',2014,0,0,0,0,0,0,0,0,0);
insert into marks values('124416','CSE 4408',2014,0,0,0,0,0,0,0,0,0);

insert into marks values('124417','Math 4407',2014,0,0,0,0,0,0,0,0,0);
insert into marks values('124417','EEE 4435',2014,0,0,0,0,0,0,0,0,0);
insert into marks values('124417','EEE 4436',2014,0,0,0,0,0,0,0,0,0);
insert into marks values('124417','CSE 4401',2014,0,0,0,0,0,0,0,0,0);
insert into marks values('124417','CSE 4402',2014,0,0,0,0,0,0,0,0,0);
insert into marks values('124417','CSE 4403',2014,0,0,0,0,0,0,0,0,0);
insert into marks values('124417','CSE 4405',2014,0,0,0,0,0,0,0,0,0);
insert into marks values('124417','CSE 4407',2014,0,0,0,0,0,0,0,0,0);
insert into marks values('124417','CSE 4408',2014,0,0,0,0,0,0,0,0,0);

insert into marks values('124418','Math 4407',2014,0,0,0,0,0,0,0,0,0);
insert into marks values('124418','EEE 4435',2014,0,0,0,0,0,0,0,0,0);
insert into marks values('124418','EEE 4436',2014,0,0,0,0,0,0,0,0,0);
insert into marks values('124418','CSE 4401',2014,0,0,0,0,0,0,0,0,0);
insert into marks values('124418','CSE 4402',2014,0,0,0,0,0,0,0,0,0);
insert into marks values('124418','CSE 4403',2014,0,0,0,0,0,0,0,0,0);
insert into marks values('124418','CSE 4405',2014,0,0,0,0,0,0,0,0,0);
insert into marks values('124418','CSE 4407',2014,0,0,0,0,0,0,0,0,0);
insert into marks values('124418','CSE 4408',2014,0,0,0,0,0,0,0,0,0);

insert into marks values('124419','Math 4407',2014,0,0,0,0,0,0,0,0,0);
insert into marks values('124419','EEE 4435',2014,0,0,0,0,0,0,0,0,0);
insert into marks values('124419','EEE 4436',2014,0,0,0,0,0,0,0,0,0);
insert into marks values('124419','CSE 4401',2014,0,0,0,0,0,0,0,0,0);
insert into marks values('124419','CSE 4402',2014,0,0,0,0,0,0,0,0,0);
insert into marks values('124419','CSE 4403',2014,0,0,0,0,0,0,0,0,0);
insert into marks values('124419','CSE 4405',2014,0,0,0,0,0,0,0,0,0);
insert into marks values('124419','CSE 4407',2014,0,0,0,0,0,0,0,0,0);
insert into marks values('124419','CSE 4408',2014,0,0,0,0,0,0,0,0,0);

insert into marks values('124420','Math 4407',2014,0,0,0,0,0,0,0,0,0);
insert into marks values('124420','EEE 4435',2014,0,0,0,0,0,0,0,0,0);
insert into marks values('124420','EEE 4436',2014,0,0,0,0,0,0,0,0,0);
insert into marks values('124420','CSE 4401',2014,0,0,0,0,0,0,0,0,0);
insert into marks values('124420','CSE 4402',2014,0,0,0,0,0,0,0,0,0);
insert into marks values('124420','CSE 4403',2014,0,0,0,0,0,0,0,0,0);
insert into marks values('124420','CSE 4405',2014,0,0,0,0,0,0,0,0,0);
insert into marks values('124420','CSE 4407',2014,0,0,0,0,0,0,0,0,0);
insert into marks values('124420','CSE 4408',2014,0,0,0,0,0,0,0,0,0);


insert into marks values('124421','Math 4407',2014,0,0,0,0,0,0,0,0,0);
insert into marks values('124421','EEE 4435',2014,0,0,0,0,0,0,0,0,0);
insert into marks values('124421','EEE 4436',2014,0,0,0,0,0,0,0,0,0);
insert into marks values('124421','CSE 4401',2014,0,0,0,0,0,0,0,0,0);
insert into marks values('124421','CSE 4402',2014,0,0,0,0,0,0,0,0,0);
insert into marks values('124421','CSE 4403',2014,0,0,0,0,0,0,0,0,0);
insert into marks values('124421','CSE 4405',2014,0,0,0,0,0,0,0,0,0);
insert into marks values('124421','CSE 4407',2014,0,0,0,0,0,0,0,0,0);
insert into marks values('124421','CSE 4408',2014,0,0,0,0,0,0,0,0,0);
insert into marks values('124422','Math 4407',2014,0,0,0,0,0,0,0,0,0);
insert into marks values('124422','EEE 4435',2014,0,0,0,0,0,0,0,0,0);
insert into marks values('124422','EEE 4436',2014,0,0,0,0,0,0,0,0,0);
insert into marks values('124422','CSE 4401',2014,0,0,0,0,0,0,0,0,0);
insert into marks values('124422','CSE 4402',2014,0,0,0,0,0,0,0,0,0);
insert into marks values('124422','CSE 4403',2014,0,0,0,0,0,0,0,0,0);
insert into marks values('124422','CSE 4405',2014,0,0,0,0,0,0,0,0,0);
insert into marks values('124422','CSE 4407',2014,0,0,0,0,0,0,0,0,0);
insert into marks values('124422','CSE 4408',2014,0,0,0,0,0,0,0,0,0);
insert into marks values('124423','Math 4407',2014,0,0,0,0,0,0,0,0,0);
insert into marks values('124423','EEE 4435',2014,0,0,0,0,0,0,0,0,0);
insert into marks values('124423','EEE 4436',2014,0,0,0,0,0,0,0,0,0);
insert into marks values('124423','CSE 4401',2014,0,0,0,0,0,0,0,0,0);
insert into marks values('124423','CSE 4402',2014,0,0,0,0,0,0,0,0,0);
insert into marks values('124423','CSE 4403',2014,0,0,0,0,0,0,0,0,0);
insert into marks values('124423','CSE 4405',2014,0,0,0,0,0,0,0,0,0);
insert into marks values('124423','CSE 4407',2014,0,0,0,0,0,0,0,0,0);
insert into marks values('124423','CSE 4408',2014,0,0,0,0,0,0,0,0,0);
insert into marks values('124424','Math 4407',2014,0,0,0,0,0,0,0,0,0);
insert into marks values('124424','EEE 4435',2014,0,0,0,0,0,0,0,0,0);
insert into marks values('124424','EEE 4436',2014,0,0,0,0,0,0,0,0,0);
insert into marks values('124424','CSE 4401',2014,0,0,0,0,0,0,0,0,0);
insert into marks values('124424','CSE 4402',2014,0,0,0,0,0,0,0,0,0);
insert into marks values('124424','CSE 4403',2014,0,0,0,0,0,0,0,0,0);
insert into marks values('124424','CSE 4405',2014,0,0,0,0,0,0,0,0,0);
insert into marks values('124424','CSE 4407',2014,0,0,0,0,0,0,0,0,0);
insert into marks values('124424','CSE 4408',2014,0,0,0,0,0,0,0,0,0);
insert into marks values('124426','Math 4407',2014,0,0,0,0,0,0,0,0,0);
insert into marks values('124426','EEE 4435',2014,0,0,0,0,0,0,0,0,0);
insert into marks values('124426','EEE 4436',2014,0,0,0,0,0,0,0,0,0);
insert into marks values('124426','CSE 4401',2014,0,0,0,0,0,0,0,0,0);
insert into marks values('124426','CSE 4402',2014,0,0,0,0,0,0,0,0,0);
insert into marks values('124426','CSE 4403',2014,0,0,0,0,0,0,0,0,0);
insert into marks values('124426','CSE 4405',2014,0,0,0,0,0,0,0,0,0);
insert into marks values('124426','CSE 4407',2014,0,0,0,0,0,0,0,0,0);
insert into marks values('124426','CSE 4408',2014,0,0,0,0,0,0,0,0,0);
insert into marks values('124427','Math 4407',2014,0,0,0,0,0,0,0,0,0);
insert into marks values('124427','EEE 4435',2014,0,0,0,0,0,0,0,0,0);
insert into marks values('124427','EEE 4436',2014,0,0,0,0,0,0,0,0,0);
insert into marks values('124427','CSE 4401',2014,0,0,0,0,0,0,0,0,0);
insert into marks values('124427','CSE 4402',2014,0,0,0,0,0,0,0,0,0);
insert into marks values('124427','CSE 4403',2014,0,0,0,0,0,0,0,0,0);
insert into marks values('124427','CSE 4405',2014,0,0,0,0,0,0,0,0,0);
insert into marks values('124427','CSE 4407',2014,0,0,0,0,0,0,0,0,0);
insert into marks values('124427','CSE 4408',2014,0,0,0,0,0,0,0,0,0);
insert into marks values('124428','Math 4407',2014,0,0,0,0,0,0,0,0,0);
insert into marks values('124428','EEE 4435',2014,0,0,0,0,0,0,0,0,0);
insert into marks values('124428','EEE 4436',2014,0,0,0,0,0,0,0,0,0);
insert into marks values('124428','CSE 4401',2014,0,0,0,0,0,0,0,0,0);
insert into marks values('124428','CSE 4402',2014,0,0,0,0,0,0,0,0,0);
insert into marks values('124428','CSE 4403',2014,0,0,0,0,0,0,0,0,0);
insert into marks values('124428','CSE 4405',2014,0,0,0,0,0,0,0,0,0);
insert into marks values('124428','CSE 4407',2014,0,0,0,0,0,0,0,0,0);
insert into marks values('124428','CSE 4408',2014,0,0,0,0,0,0,0,0,0);
insert into marks values('124429','Math 4407',2014,0,0,0,0,0,0,0,0,0);
insert into marks values('124429','EEE 4435',2014,0,0,0,0,0,0,0,0,0);
insert into marks values('124429','EEE 4436',2014,0,0,0,0,0,0,0,0,0);
insert into marks values('124429','CSE 4401',2014,0,0,0,0,0,0,0,0,0);
insert into marks values('124429','CSE 4402',2014,0,0,0,0,0,0,0,0,0);
insert into marks values('124429','CSE 4403',2014,0,0,0,0,0,0,0,0,0);
insert into marks values('124429','CSE 4405',2014,0,0,0,0,0,0,0,0,0);
insert into marks values('124429','CSE 4407',2014,0,0,0,0,0,0,0,0,0);
insert into marks values('124429','CSE 4408',2014,0,0,0,0,0,0,0,0,0);
insert into marks values('124430','Math 4407',2014,0,0,0,0,0,0,0,0,0);
insert into marks values('124430','EEE 4435',2014,0,0,0,0,0,0,0,0,0);
insert into marks values('124430','EEE 4436',2014,0,0,0,0,0,0,0,0,0);
insert into marks values('124430','CSE 4401',2014,0,0,0,0,0,0,0,0,0);
insert into marks values('124430','CSE 4402',2014,0,0,0,0,0,0,0,0,0);
insert into marks values('124430','CSE 4403',2014,0,0,0,0,0,0,0,0,0);
insert into marks values('124430','CSE 4405',2014,0,0,0,0,0,0,0,0,0);
insert into marks values('124430','CSE 4407',2014,0,0,0,0,0,0,0,0,0);
insert into marks values('124430','CSE 4408',2014,0,0,0,0,0,0,0,0,0);





















insert into marks values('124422','cse 4401',2014,30,5,10,15,15,60,100,0,0);
insert into marks values('124422','cse 4402',2014,29,5,12,13,11,55,120,0,0);
insert into marks values('124422','cse 4403',2014,28,15,10,0,15,62,100,0,0);
insert into marks values('124422','cse 4404',2014,25,5,10,15,15,60,100,0,0);
insert into marks values('124422','cse 4405',2014,30,5,10,10,10,60,109,0,0);
insert into marks values('124423','cse 4401',2014,19,13,11,12,12,55,12,0,0);
insert into marks values('124423','cse 4402',2014,20,12.5,11,12,12,55,22,0,0);
insert into marks values('124423','cse 4403',2014,18,11,12.5,12,9,56.5,12,0,0);
insert into marks values('124423','cse 4404',2014,30,9,13,11,12.5,57,122,0,0);
insert into marks values('124423','cse 4405',2014,12,10,11,12,11,58,23,0,0);
insert into marks values('124424','cse 4401',2014,15,12,10,12,12,49,65,0,0);
insert into marks values('124424','cse 4402',2014,30,11,14,12,12,56,66,0,0);
insert into marks values('124424','cse 4403',2014,24,14,13,11,11,58,59,0,0);
insert into marks values('124424','cse 4404',2014,25,15,12,12,10,68,55,0,0);
insert into marks values('124424','cse 4405',2014,26,1,13,2,14,68.5,75,0,0);

insert into marks values('124426','cse 4404',2014,29,2,15,12,9,60,15,0,0);
insert into marks values('124426','cse 4405',2014,24,5,8,12,9,40,65,0,0);
insert into marks values('124426','cse 4401',2014,26,6,15,12,7,46,55,0,0);
insert into marks values('124426','cse 4402',2014,26,9,8.5,12,5,54,89,0,0);
insert into marks values('124426','cse 4403',2014,29,7,7,11.5,8,56,88,0,0);
insert into marks values('124427','cse 4401',2014,29,9,15,12,11,55,93,0,0);
insert into marks values('124428','cse 4401',2014,30,6,14,11,11,59,94,0,0);
insert into marks values('124429','cse 4401',2014,22,12,10,11,11,40,98,0,0);
insert into marks values('124430','cse 4401',2014,25,13,12,9,11,43,99,0,0);
insert into marks values('124431','cse 4401',2014,31,14,11,9,11,41,110,0,0);
insert into marks values('124432','cse 4401',2014,25,15,10.5,12,42,130,0,0,0);
insert into marks values('124433','cse 4401',2014,26,11.5,9,7.5,9,44,120,0,0);
insert into marks values('124434','cse 4401',2014,19,12.5,7,8,11,42,140,0,0);
insert into marks values('124435','cse 4401',2014,26,11.5,11,9,9,47,98,0,0);
insert into marks values('124436','cse 4401',2014,29,7.5,10,11,9,49,99,0,0);
insert into marks values('124437','cse 4401',2014,29,3.5,9.5,11,9,51,110,0,0);
insert into marks values('124438','cse 4401',2014,29,9,10.5,12,8,51,100,0,0);
insert into marks values('124439','cse 4401',2014,28,10.5,12,12,12,55,110,0,0);
insert into marks values('124440','cse 4401',2014,27,14.5,11,12,12,66,120,0,0);